Future_Week,Forecast_Demand
1,3742.010344460889
2,3683.3783888254825
3,3668.4482669198214
4,3661.808947848798
